{  
   "tag":"i",
   "default":"fa-file-o",
   "folder":"fa-folder",
   "home":"fa-home",
   "search":"fa-search",
   "share_icons":{  
      "dropbox":"fa-dropbox fa-fw",
      "email":"fa-envelope fa-fw",
      "facebook":"fa-facebook fa-fw",
      "google_plus":"fa-google-plus fa-fw",
      "twitter":"fa-twitter fa-fw"
   },
   "files":[  
      {  
         "archive":{  
            "extensions":[  
               "7z",
               "ace",
               "adf",
               "air",
               "apk",
               "arj",
               "bz2",
               "bzip",
               "cab",
               "d64",
               "dmg",
               "git",
               "hdf",
               "ipf",
               "iso",
               "fdi",
               "gz",
               "jar",
               "lha",
               "lzh",
               "lz",
               "lzma",
               "pak",
               "phar",
               "pkg",
               "pimp",
               "rar",
               "safariextz",
               "sfx",
               "sit",
               "sitx",
               "sqx",
               "sublime-package",
               "swm",
               "tar",
               "tgz",
               "wim",
               "wsz",
               "xar",
               "zip"
            ],
            "icon":"fa-archive-o"
         },
         "audio":{  
            "extensions":[  
               "aac",
               "ac3",
               "aif",
               "aiff",
               "au",
               "caf",
               "flac",
               "it",
               "m4a",
               "m4p",
               "med",
               "mid",
               "mo3",
               "mod",
               "mp1",
               "mp2",
               "mp3",
               "mpc",
               "ned",
               "ra",
               "ram",
               "oga",
               "ogg",
               "oma",
               "opus",
               "s3m",
               "sid",
               "soundcloud",
               "umx",
               "wav",
               "webma",
               "wv",
               "xm"
            ],
            "icon":"fa-file-audio-o"
         },
         "excel":{  
            "extensions":[  
               "xls",
               "xlsx",
               "numbers"
            ],
            "icon":"fa-file-excel-o"
         },
         "image":{  
            "extensions":[  
               "ai",
               "bmp",
               "cdr",
               "emf",
               "eps",
               "flickr",
               "gif",
               "icns",
               "ico",
               "jp2",
               "jpe",
               "jpeg",
               "jpg",
               "jpx",
               "pcx",
               "pict",
               "png",
               "psd",
               "psp",
               "svg",
               "tga",
               "tif",
               "tiff",
               "webp",
               "wmf"
            ],
            "icon":"fa-file-image-o"
         },
         "pdf":{  
            "extensions":[  
               "pdf"
            ],
            "icon":"fa-file-pdf-o"
         },
         "powerpoint":{  
            "extensions":[  
               "pot",
               "ppt",
               "pptx",
               "key"
            ],
            "icon":"fa-file-powerpoint-o"
         },
         "script":{  
            "extensions":[  
               "ahk",
               "as",
               "asp",
               "aspx",
               "bat",
               "c",
               "cfm",
               "clj",
               "cmd",
               "coffee",
               "cpp",
               "css",
               "el",
               "erb",
               "g",
               "hml",
               "java",
               "js",
               "json",
               "jsp",
               "less",
               "nsh",
               "nsi",
               "php",
               "php3",
               "pl",
               "py",
               "rb",
               "rhtml",
               "sass",
               "scala",
               "scm",
               "scpt",
               "scptd",
               "scss",
               "sh",
               "shtml",
               "wsh",
               "xml",
               "yml"
            ],
            "icon":"fa-file-code-o"
         },
         "text":{  
            "extensions":[  
               "ans",
               "asc",
               "ascii",
               "csv",
               "diz",
               "latex",
               "log",
               "markdown",
               "md",
               "nfo",
               "rst",
               "rtf",
               "tex",
               "text",
               "txt"
            ],
            "icon":"fa-file-text-o"
         },
         "video":{  
            "extensions":[  
               "3g2",
               "3gp",
               "3gp2",
               "3gpp",
               "asf",
               "avi",
               "bik",
               "bup",
               "divx",
               "flv",
               "ifo",
               "m4v",
               "mkv",
               "mkv",
               "mov",
               "mp4",
               "mpeg",
               "mpg",
               "rm",
               "rv",
               "ogv",
               "qt",
               "smk",
               "swf",
               "vimeo",
               "vob",
               "webm",
               "wmv",
               "xvid",
               "youtube"
            ],
            "icon":"fa-file-video-o"
         },
         "word":{  
            "extensions":[  
               "doc",
               "docm",
               "docs",
               "docx",
               "dot",
               "pages"
            ],
            "icon":"fa-file-word-o"
         }
      }
   ]
}