{  
   "tag":"i",
   "default":"fa-file-o",
   "folder":"fa-folder",
   "home":"fa-home",
   "search":"fa-search",
   "share_icons":{  
      "dropbox":"fa-dropbox fa-fw",
      "email":"fa-envelope fa-fw",
      "facebook":"fa-facebook fa-fw",
      "google_plus":"fa-google-plus fa-fw",
      "twitter":"fa-twitter fa-fw"
   },
   "files":[  
      {  
         "archive":{  
            "extensions":[  
               "7z",
               "ace",
               "adf",
               "air",
               "apk",
               "arj",
               "bz2",
               "bzip",
               "cab",
               "d64",
               "dmg",
               "git",
               "hdf",
               "ipf",
               "iso",
               "fdi",
               "gz",
               "jar",
               "lha",
               "lzh",
               "lz",
               "lzma",
               "pak",
               "phar",
               "pkg",
               "pimp",
               "rar",
               "safariextz",
               "sfx",
               "sit",
               "sitx",
               "sqx",
               "sublime-package",
               "swm",
               "tar",
               "tgz",
               "wim",
               "wsz",
               "xar",
               "zip"
            ],
            "icon":"fa-archive"
         },
         "apple":{  
            "extensions":[  
               "app",
               "ipa",
               "ipsw",
               "saver"
            ],
            "icon":"fa-apple"
         },
         "audio":{  
            "extensions":[  
               "aac",
               "ac3",
               "aif",
               "aiff",
               "au",
               "caf",
               "flac",
               "it",
               "m4a",
               "m4p",
               "med",
               "mid",
               "mo3",
               "mod",
               "mp1",
               "mp2",
               "mp3",
               "mpc",
               "ned",
               "ra",
               "ram",
               "oga",
               "ogg",
               "oma",
               "opus",
               "s3m",
               "sid",
               "umx",
               "wav",
               "webma",
               "wv",
               "xm"
            ],
            "icon":"fa-music"
         },
         "calendar":{  
            "extensions":[  
               "icbu",
               "ics"
            ],
            "icon":"fa-calendar"
         },
         "config":{  
            "extensions":[  
               "cfg",
               "conf",
               "ini",
               "htaccess",
               "htpasswd",
               "plist",
               "sublime-settings",
               "xpy"
            ],
            "icon":"fa-cogs"
         },
         "contact":{  
            "extensions":[  
               "abbu",
               "contact",
               "oab",
               "pab",
               "vcard",
               "vcf"
            ],
            "icon":"fa-group"
         },
         "database":{  
            "extensions":[  
               "bde",
               "bson",
               "crp",
               "db",
               "db2",
               "db3",
               "dbb",
               "dbf",
               "dbk",
               "dbs",
               "dbx",
               "edb",
               "fdb",
               "frm",
               "fw",
               "fw2",
               "fw3",
               "gdb",
               "itdb",
               "mdb",
               "ndb",
               "nsf",
               "rdb",
               "sas7mdb",
               "sql",
               "sqlite",
               "tdb",
               "wdb"
            ],
            "icon":"fa-database"
         },
         "doc":{  
            "extensions":[  
               "abw",
               "doc",
               "docm",
               "docs",
               "docx",
               "dot",
               "key",
               "numbers",
               "odb",
               "odf",
               "odg",
               "odp",
               "odt",
               "ods",
               "otg",
               "otp",
               "ots",
               "ott",
               "pages",
               "pdf",
               "pot",
               "ppt",
               "pptx",
               "sdb",
               "sdc",
               "sdd",
               "sdw",
               "sxi",
               "wp",
               "wp4",
               "wp5",
               "wp6",
               "wp7",
               "wpd",
               "xls",
               "xlsx",
               "xps"
            ],
            "icon":"fa-file-text"
         },
         "downloads":{  
            "extensions":[  
               "!bt",
               "!qb",
               "!ut",
               "crdownload",
               "download",
               "opdownload",
               "part"
            ],
            "icon":"fa-cloud-download"
         },
         "ebook":{  
            "extensions":[  
               "aeh",
               "azw",
               "ceb",
               "chm",
               "epub",
               "fb2",
               "ibooks",
               "kf8",
               "lit",
               "lrf",
               "lrx",
               "mobi",
               "pdb",
               "pdg",
               "prc",
               "xeb"
            ],
            "icon":"fa-book"
         },
         "email":{  
            "extensions":[  
               "eml",
               "emlx",
               "mbox",
               "msg",
               "pst"
            ],
            "icon":"fa-envelope"
         },
         "feed":{  
            "extensions":[  
               "atom",
               "rss"
            ],
            "icon":"fa-rss"
         },
         "flash":{  
            "extensions":[  
               "fla",
               "flv",
               "swf"
            ],
            "icon":"fa-bolt"
         },
         "flickr":{  
            "extensions":[  
               "flickr"
            ],
            "icon":"fa-flickr"
         },
         "font":{  
            "extensions":[  
               "eot",
               "fon",
               "otf",
               "pfm",
               "ttf",
               "woff"
            ],
            "icon":"fa-font"
         },
         "image":{  
            "extensions":[  
               "ai",
               "bmp",
               "cdr",
               "emf",
               "eps",
               "gif",
               "icns",
               "ico",
               "jp2",
               "jpe",
               "jpeg",
               "jpg",
               "jpx",
               "pcx",
               "pict",
               "png",
               "psd",
               "psp",
               "svg",
               "tga",
               "tif",
               "tiff",
               "webp",
               "wmf"
            ],
            "icon":"fa-picture-o"
         },
         "link":{  
            "extensions":[  
               "lnk",
               "url",
               "webloc"
            ],
            "icon":"fa-link"
         },
         "linux":{  
            "extensions":[  
               "bin",
               "deb",
               "rpm"
            ],
            "icon":"fa-linux"
         },
         "map":{  
            "extensions":[  
               "fug",
               "gpx",
               "kml",
               "nmea",
               "osm"
            ],
            "icon":"fa-map-o"
         },
         "palette":{  
            "extensions":[  
               "ase",
               "clm",
               "clr",
               "gpl"
            ],
            "icon":"fa-tasks"
         },
         "raw":{  
            "extensions":[  
               "3fr",
               "ari",
               "arw",
               "bay",
               "cap",
               "cr2",
               "crw",
               "dcs",
               "dcr",
               "dnf",
               "dng",
               "eip",
               "erf",
               "fff",
               "iiq",
               "k25",
               "kdc",
               "mdc",
               "mef",
               "mof",
               "mrw",
               "nef",
               "nrw",
               "obm",
               "orf",
               "pef",
               "ptx",
               "pxn",
               "r3d",
               "raf",
               "raw",
               "rwl",
               "rw2",
               "rwz",
               "sr2",
               "srf",
               "srw",
               "x3f"
            ],
            "icon":"fa-camera"
         },
         "script":{  
            "extensions":[  
               "ahk",
               "as",
               "asp",
               "aspx",
               "bat",
               "c",
               "cfm",
               "clj",
               "cmd",
               "coffee",
               "cpp",
               "css",
               "el",
               "erb",
               "g",
               "hml",
               "java",
               "js",
               "json",
               "jsp",
               "less",
               "nsh",
               "nsi",
               "php",
               "php3",
               "pl",
               "py",
               "rb",
               "rhtml",
               "sass",
               "scala",
               "scm",
               "scpt",
               "scptd",
               "scss",
               "sh",
               "shtml",
               "wsh",
               "xml",
               "yml"
            ],
            "icon":"fa-code"
         },
         "soundcloud":{  
            "extensions":[  
               "soundcloud"
            ],
            "icon":"fa-soundcloud"
         },
         "text":{  
            "extensions":[  
               "ans",
               "asc",
               "ascii",
               "csv",
               "diz",
               "latex",
               "log",
               "markdown",
               "md",
               "nfo",
               "rst",
               "rtf",
               "tex",
               "text",
               "txt"
            ],
            "icon":"fa-file-text-o"
         },
         "video":{  
            "extensions":[  
               "3g2",
               "3gp",
               "3gp2",
               "3gpp",
               "asf",
               "avi",
               "bik",
               "bup",
               "divx",
               "ifo",
               "m4v",
               "mkv",
               "mkv",
               "mov",
               "mp4",
               "mpeg",
               "mpg",
               "rm",
               "rv",
               "ogv",
               "qt",
               "smk",
               "vob",
               "webm",
               "wmv",
               "xvid"
            ],
            "icon":"fa-film"
         },
         "vimeo":{  
            "extensions":[  
               "vimeo"
            ],
            "icon":"fa-vimeo-square"
         },
         "virtual":{  
            "extensions":[  
               "ova",
               "pvm",
               "pvs",
               "vdi",
               "vhd",
               "vmdk"
            ],
            "icon":"fa-cube"
         },
         "website":{  
            "extensions":[  
               "htm",
               "html",
               "mhtml",
               "mht",
               "xht",
               "xhtml"
            ],
            "icon":"fa-globe"
         },
         "windows":{  
            "extensions":[  
               "dll",
               "exe",
               "msi",
               "pif",
               "ps1",
               "scr",
               "sys"
            ],
            "icon":"fa-windows"
         },
         "youtube":{  
            "extensions":[  
               "youtube"
            ],
            "icon":"fa-youtube-play"
         }
      }
   ]
}